<?xml version="1.0" encoding="UTF-8"?>
<project-private xmlns="http://www.netbeans.org/ns/project-private/1">
    <editor-bookmarks xmlns="http://www.netbeans.org/ns/editor-bookmarks/2" lastBookmarkId="0"/>
    <open-files xmlns="http://www.netbeans.org/ns/projectui-open-files/2">
        <group>
            <file>file:/C:/xampp/htdocs/Capstone%20-%20Live%20Web/ProrationTool/ProrationTool.js</file>
            <file>file:/C:/xampp/htdocs/Capstone%20-%20Live%20Web/ProrationTool/ProrationTool2.css</file>
            <file>file:/C:/xampp/htdocs/Capstone%20-%20Live%20Web/ProrationTool/ProrationTool.php</file>
        </group>
    </open-files>
</project-private>
